"siteId","siteLabel","microsite","depth","rep","percentRPC"
1,"Ro 20W2","open","0-5cm",1,0.169811271567892
1,"Ro 20W2","open","0-5cm",2,0.177314932031636
1,"Ro 20W2","open","0-5cm",3,0.221935881836428
1,"Ro 20W2","open","6-15cm",1,0.150418130336514
1,"Ro 20W2","open","6-15cm",2,0.162777216481855
1,"Ro 20W2","open","6-15cm",3,0.143686178973717
1,"Ro 20W2","smooth","0-5cm",1,0.291291611662531
1,"Ro 20W2","smooth","0-5cm",2,0.216459946034137
1,"Ro 20W2","smooth","0-5cm",3,0.386821562342886
1,"Ro 20W2","smooth","6-15cm",1,0.22936545782533
1,"Ro 20W2","smooth","6-15cm",2,0.183641321723879
1,"Ro 20W2","smooth","6-15cm",3,0.214653362667328
1,"Ro 20W2","rough","0-5cm",1,0.208880301996462
1,"Ro 20W2","rough","0-5cm",2,0.216437054640719
1,"Ro 20W2","rough","0-5cm",3,0.220413912013958
1,"Ro 20W2","rough","6-15cm",1,0.22458519429725
1,"Ro 20W2","rough","6-15cm",2,0.2320597890664
1,"Ro 20W2","rough","6-15cm",3,0.238892678883072
2,"Scol 5W","open","0-5cm",1,1.33653473970179
2,"Scol 5W","open","0-5cm",2,0.679035921641791
2,"Scol 5W","open","0-5cm",3,0.717222245741483
2,"Scol 5W","open","6-15cm",1,0.373784297962227
2,"Scol 5W","open","6-15cm",2,0.392218044952285
2,"Scol 5W","open","6-15cm",3,0.485436465838509
2,"Scol 5W","smooth","0-5cm",1,0.303573636025768
2,"Scol 5W","smooth","0-5cm",2,0.400781523679643
2,"Scol 5W","smooth","0-5cm",3,0.389612037222083
2,"Scol 5W","smooth","6-15cm",1,0.23978266224004
2,"Scol 5W","smooth","6-15cm",2,0.290379532185629
2,"Scol 5W","smooth","6-15cm",3,0.251625103509215
2,"Scol 5W","rough","0-5cm",1,0.976932776115682
2,"Scol 5W","rough","0-5cm",2,0.574767341220423
2,"Scol 5W","rough","0-5cm",3,0.496221354942871
2,"Scol 5W","rough","6-15cm",1,0.46358092032967
2,"Scol 5W","rough","6-15cm",2,0.430566470074813
2,"Scol 5W","rough","6-15cm",3,0.303841927213607
3,"Fal 10pb","open","0-5cm",1,0.294993607323232
3,"Fal 10pb","open","0-5cm",2,0.21360354061554
3,"Fal 10pb","open","0-5cm",3,0.214067991150442
3,"Fal 10pb","open","6-15cm",1,0.158602491319444
3,"Fal 10pb","open","6-15cm",2,0.215826373037628
3,"Fal 10pb","open","6-15cm",3,0.156404622898121
3,"Fal 10pb","smooth","0-5cm",1,0.449598641006477
3,"Fal 10pb","smooth","0-5cm",2,0.483154013306553
3,"Fal 10pb","smooth","0-5cm",3,0.473922282962222
3,"Fal 10pb","smooth","6-15cm",1,0.380316249690057
3,"Fal 10pb","smooth","6-15cm",2,0.351233819618665
3,"Fal 10pb","smooth","6-15cm",3,0.738843573210277
3,"Fal 10pb","rough","0-5cm",1,0.811134469545681
3,"Fal 10pb","rough","0-5cm",2,0.919918443526171
3,"Fal 10pb","rough","0-5cm",3,0.692374914465409
3,"Fal 10pb","rough","6-15cm",1,0.22881653942428
3,"Fal 10pb","rough","6-15cm",2,0.308832746967071
3,"Fal 10pb","rough","6-15cm",3,0.300934054087737
4,"Red 15W","open","0-5cm",1,0.47402670887663
4,"Red 15W","open","0-5cm",2,0.453632031328321
4,"Red 15W","open","0-5cm",3,0.380413781629555
4,"Red 15W","open","6-15cm",1,0.214843173316708
4,"Red 15W","open","6-15cm",2,0.234230003752815
4,"Red 15W","open","6-15cm",3,0.155140857107418
4,"Red 15W","smooth","0-5cm",1,0.52102173625
4,"Red 15W","smooth","0-5cm",2,0.589398028221778
4,"Red 15W","smooth","0-5cm",3,0.614788183530003
4,"Red 15W","smooth","6-15cm",1,0.3035083959429
4,"Red 15W","smooth","6-15cm",2,0.466986803217822
4,"Red 15W","smooth","6-15cm",3,0.309276771306102
4,"Red 15W","rough","0-5cm",1,0.416939758930802
4,"Red 15W","rough","0-5cm",2,0.730979656593407
4,"Red 15W","rough","0-5cm",3,0.480642262534644
4,"Red 15W","rough","6-15cm",1,0.480323629112662
4,"Red 15W","rough","6-15cm",2,0.641573426853707
4,"Red 15W","rough","6-15cm",3,0.454997344294968
5,"Bw 10w2","open","0-5cm",1,0.331478625782228
5,"Bw 10w2","open","0-5cm",2,0.397532886830245
5,"Bw 10w2","open","0-5cm",3,0.430387114314618
5,"Bw 10w2","open","6-15cm",1,0.402865938206481
5,"Bw 10w2","open","6-15cm",2,0.207824354595681
5,"Bw 10w2","open","6-15cm",3,0.348355554438019
5,"Bw 10w2","smooth","0-5cm",1,0.460633664179105
5,"Bw 10w2","smooth","0-5cm",2,0.52218174886764
5,"Bw 10w2","smooth","0-5cm",3,0.458777970507373
5,"Bw 10w2","smooth","6-15cm",1,0.166300427647936
5,"Bw 10w2","smooth","6-15cm",2,0.213022309428285
5,"Bw 10w2","smooth","6-15cm",3,0.128248760330578
5,"Bw 10w2","rough","0-5cm",1,0.733085289111389
5,"Bw 10w2","rough","0-5cm",2,0.532859809428285
5,"Bw 10w2","rough","0-5cm",3,0.523130364779874
5,"Bw 10w2","rough","6-15cm",1,0.247793613738178
5,"Bw 10w2","rough","6-15cm",2,0.166856745972739
5,"Bw 10w2","rough","6-15cm",3,0.199941145096057
6,"Scol 10pb","open","0-5cm",1,0.58267548989899
6,"Scol 10pb","open","0-5cm",2,0.48398755361596
6,"Scol 10pb","open","0-5cm",3,0.488440413223141
6,"Scol 10pb","open","6-15cm",1,0.307590498481781
6,"Scol 10pb","open","6-15cm",2,0.233535131123206
6,"Scol 10pb","open","6-15cm",3,0.296724677460157
6,"Scol 10pb","smooth","0-5cm",1,0.749325434348477
6,"Scol 10pb","smooth","0-5cm",2,0.743809518849206
6,"Scol 10pb","smooth","0-5cm",3,1.03553944733581
6,"Scol 10pb","smooth","6-15cm",1,0.352118758706468
6,"Scol 10pb","smooth","6-15cm",2,0.424608127350213
6,"Scol 10pb","smooth","6-15cm",3,0.367586499620349
6,"Scol 10pb","rough","0-5cm",1,1.30215630092477
6,"Scol 10pb","rough","0-5cm",2,1.13412820347395
6,"Scol 10pb","rough","0-5cm",3,0.616086281382053
6,"Scol 10pb","rough","6-15cm",1,0.332271701337296
6,"Scol 10pb","rough","6-15cm",2,0.291378061401337
6,"Scol 10pb","rough","6-15cm",3,0.195966939182453
7,"Kt 30+","open","0-5cm",1,1.11001728826338
7,"Kt 30+","open","0-5cm",2,0.845985550584141
7,"Kt 30+","open","0-5cm",3,0.871793475655431
7,"Kt 30+","open","6-15cm",1,0.74136712905623
7,"Kt 30+","open","6-15cm",2,0.818991228592703
7,"Kt 30+","open","6-15cm",3,0.515539473023839
7,"Kt 30+","smooth","0-5cm",1,1.24982481425322
7,"Kt 30+","smooth","0-5cm",2,2.31850779775281
7,"Kt 30+","smooth","0-5cm",3,2.06263325082091
7,"Kt 30+","smooth","6-15cm",1,0.435008562874251
7,"Kt 30+","smooth","6-15cm",2,0.3814257039801
7,"Kt 30+","smooth","6-15cm",3,0.606384432989691
7,"Kt 30+","rough","0-5cm",1,1.26873858116637
7,"Kt 30+","rough","0-5cm",2,1.52362680693069
7,"Kt 30+","rough","0-5cm",3,1.12627609552691
7,"Kt 30+","rough","6-15cm",1,1.05708636386386
7,"Kt 30+","rough","6-15cm",2,1.15914173101186
7,"Kt 30+","rough","6-15cm",3,1.04845600247219
8,"ING 2WPB","open","0-5cm",1,0.419867623441396
8,"ING 2WPB","open","0-5cm",2,0.912819271042084
8,"ING 2WPB","open","0-5cm",3,0.357085690345173
8,"ING 2WPB","open","6-15cm",1,0.157446091522881
8,"ING 2WPB","open","6-15cm",2,0.214133813836478
8,"ING 2WPB","open","6-15cm",3,0.226622630136986
8,"ING 2WPB","smooth","0-5cm",1,0.954796949950446
8,"ING 2WPB","smooth","0-5cm",2,1.13268479380155
8,"ING 2WPB","smooth","0-5cm",3,0.873889623777276
8,"ING 2WPB","smooth","6-15cm",1,0.530131503036437
8,"ING 2WPB","smooth","6-15cm",2,0.381849900670474
8,"ING 2WPB","smooth","6-15cm",3,0.485512354549975
8,"ING 2WPB","rough","0-5cm",1,0.769821779049515
8,"ING 2WPB","rough","0-5cm",2,0.780775931731985
8,"ING 2WPB","rough","0-5cm",3,1.04918920999495
8,"ING 2WPB","rough","6-15cm",1,0.416520042330677
8,"ING 2WPB","rough","6-15cm",2,0.380509305764411
8,"ING 2WPB","rough","6-15cm",3,0.356900962795375
9,"Boo 20 W","open","0-5cm",1,0.526826260630315
9,"Boo 20 W","open","0-5cm",2,0.688862659440383
9,"Boo 20 W","open","0-5cm",3,0.724084690154923
9,"Boo 20 W","open","6-15cm",1,0.48490295323831
9,"Boo 20 W","open","6-15cm",2,0.70424993759361
9,"Boo 20 W","open","6-15cm",3,0.602746089648341
9,"Boo 20 W","smooth","0-5cm",1,0.43038739560168
9,"Boo 20 W","smooth","0-5cm",2,0.511965336813323
9,"Boo 20 W","smooth","0-5cm",3,0.434008068040725
9,"Boo 20 W","smooth","6-15cm",1,0.825457768574297
9,"Boo 20 W","smooth","6-15cm",2,0.759238521215164
9,"Boo 20 W","smooth","6-15cm",3,0.677408749689903
9,"Boo 20 W","rough","0-5cm",1,0.735294878472222
9,"Boo 20 W","rough","0-5cm",2,0.8065644125
9,"Boo 20 W","rough","0-5cm",3,0.902100581918082
9,"Boo 20 W","rough","6-15cm",1,0.531073468726638
9,"Boo 20 W","rough","6-15cm",2,0.882126346539619
9,"Boo 20 W","rough","6-15cm",3,0.713527004251063
10,"Red 5W","open","0-5cm",1,0.443883302172815
10,"Red 5W","open","0-5cm",2,0.394019235367372
10,"Red 5W","open","0-5cm",3,0.578124963957246
10,"Red 5W","open","6-15cm",1,0.00199252287905021
10,"Red 5W","open","6-15cm",2,0.514031739570164
10,"Red 5W","open","6-15cm",3,0.253081106946527
10,"Red 5W","smooth","0-5cm",1,0.826836638930913
10,"Red 5W","smooth","0-5cm",2,0.975267300505051
10,"Red 5W","smooth","0-5cm",3,0.936581765143992
10,"Red 5W","smooth","6-15cm",1,0.68818405041178
10,"Red 5W","smooth","6-15cm",2,0.503530718773561
10,"Red 5W","smooth","6-15cm",3,0.629621638147962
10,"Red 5W","rough","0-5cm",1,1.01214327131003
10,"Red 5W","rough","0-5cm",2,1.43635612183505
10,"Red 5W","rough","0-5cm",3,1.09915394497728
10,"Red 5W","rough","6-15cm",1,1.23087134910647
10,"Red 5W","rough","6-15cm",2,0.889675436868687
10,"Red 5W","rough","6-15cm",3,0.899109467977811
11,"Vic 5WHS","open","0-5cm",1,1.28850714143674
11,"Vic 5WHS","open","0-5cm",2,0.920831573770492
11,"Vic 5WHS","open","0-5cm",3,0.808462368355378
11,"Vic 5WHS","open","6-15cm",1,0.28947564536185
11,"Vic 5WHS","open","6-15cm",2,0.462990732129607
11,"Vic 5WHS","open","6-15cm",3,0.428735145895153
11,"Vic 5WHS","smooth","0-5cm",1,0.64774717136443
11,"Vic 5WHS","smooth","0-5cm",2,0.634226594202899
11,"Vic 5WHS","smooth","0-5cm",3,0.671307864346949
11,"Vic 5WHS","smooth","6-15cm",1,0.264680983320886
11,"Vic 5WHS","smooth","6-15cm",2,0.324051338327091
11,"Vic 5WHS","smooth","6-15cm",3,0.241499398552533
11,"Vic 5WHS","rough","0-5cm",1,2.85849962981617
11,"Vic 5WHS","rough","0-5cm",2,2.87372911757333
11,"Vic 5WHS","rough","0-5cm",3,2.71481017354125
11,"Vic 5WHS","rough","6-15cm",1,1.44462951629073
11,"Vic 5WHS","rough","6-15cm",2,1.2539466741517
11,"Vic 5WHS","rough","6-15cm",3,1.56643704551169
12,"Vic 5 WLS","open","0-5cm",1,0.594468136317908
12,"Vic 5 WLS","open","0-5cm",2,0.631525350655903
12,"Vic 5 WLS","open","0-5cm",3,0.527269385682438
12,"Vic 5 WLS","open","6-15cm",1,0.172518471702817
12,"Vic 5 WLS","open","6-15cm",2,0.486832558656458
12,"Vic 5 WLS","open","6-15cm",3,0.220688014594867
12,"Vic 5 WLS","smooth","0-5cm",1,0.514157252581214
12,"Vic 5 WLS","smooth","0-5cm",2,0.684539047020367
12,"Vic 5 WLS","smooth","0-5cm",3,1.06846304951996
12,"Vic 5 WLS","smooth","6-15cm",1,0.289250926525529
12,"Vic 5 WLS","smooth","6-15cm",2,0.236618484924623
12,"Vic 5 WLS","smooth","6-15cm",3,0.197565208962739
12,"Vic 5 WLS","rough","0-5cm",1,0.940187359536407
12,"Vic 5 WLS","rough","0-5cm",2,1.25948336049383
12,"Vic 5 WLS","rough","0-5cm",3,0.982121735330837
12,"Vic 5 WLS","rough","6-15cm",1,0.61920165453176
12,"Vic 5 WLS","rough","6-15cm",2,0.555328630445669
12,"Vic 5 WLS","rough","6-15cm",3,0.638724111751441
13,"AND 5W","open","0-5cm",1,0.484314061561562
13,"AND 5W","open","0-5cm",2,0.634863581977472
13,"AND 5W","open","0-5cm",3,0.528565166246851
13,"AND 5W","open","6-15cm",1,0.277962520609543
13,"AND 5W","open","6-15cm",2,0.421314346405229
13,"AND 5W","open","6-15cm",3,0.371399334652486
13,"AND 5W","smooth","0-5cm",1,0.908284502762431
13,"AND 5W","smooth","0-5cm",2,0.813032321295143
13,"AND 5W","smooth","0-5cm",3,0.929323828885009
13,"AND 5W","smooth","6-15cm",1,0.563723806099678
13,"AND 5W","smooth","6-15cm",2,0.306429733601407
13,"AND 5W","smooth","6-15cm",3,0.304188703334993
13,"AND 5W","rough","0-5cm",1,1.66771005704365
13,"AND 5W","rough","0-5cm",2,1.61925551394823
13,"AND 5W","rough","0-5cm",3,1.50526017893145
13,"AND 5W","rough","6-15cm",1,0.766920704051383
13,"AND 5W","rough","6-15cm",2,0.921542936527538
13,"AND 5W","rough","6-15cm",3,0.923927066063803
14,"Permo 5W","open","0-5cm",1,0.22361890813253
14,"Permo 5W","open","0-5cm",2,0.547617184321508
14,"Permo 5W","open","0-5cm",3,0.352309405204461
14,"Permo 5W","open","6-15cm",1,0.222187305789213
14,"Permo 5W","open","6-15cm",2,0.175512519487051
14,"Permo 5W","open","6-15cm",3,0.390449808362369
14,"Permo 5W","smooth","0-5cm",1,0.863331281085155
14,"Permo 5W","smooth","0-5cm",2,0.944155243202794
14,"Permo 5W","smooth","0-5cm",3,1.18630987948782
14,"Permo 5W","smooth","6-15cm",1,0.221901743807856
14,"Permo 5W","smooth","6-15cm",2,0.375378608585859
14,"Permo 5W","smooth","6-15cm",3,0.252895059850374
14,"Permo 5W","rough","0-5cm",1,0.833233022619935
14,"Permo 5W","rough","0-5cm",2,1.11417587289812
14,"Permo 5W","rough","0-5cm",3,1.06341191558442
14,"Permo 5W","rough","6-15cm",1,0.396896060758222
14,"Permo 5W","rough","6-15cm",2,0.306887744116174
14,"Permo 5W","rough","6-15cm",3,0.635914526976161
15,"BO 5 PB","open","0-5cm",1,0.32282272841999
15,"BO 5 PB","open","0-5cm",2,0.367140335237149
15,"BO 5 PB","open","0-5cm",3,0.420679449333669
15,"BO 5 PB","open","6-15cm",1,0.217061309045226
15,"BO 5 PB","open","6-15cm",2,0.195653930534733
15,"BO 5 PB","open","6-15cm",3,0.37258678030303
15,"BO 5 PB","smooth","0-5cm",1,0.622808645755539
15,"BO 5 PB","smooth","0-5cm",2,0.44979455787382
15,"BO 5 PB","smooth","0-5cm",3,0.639947906574394
15,"BO 5 PB","smooth","6-15cm",1,0.474315044576523
15,"BO 5 PB","smooth","6-15cm",2,0.774617011005503
15,"BO 5 PB","smooth","6-15cm",3,0.349978076347305
15,"BO 5 PB","rough","0-5cm",1,0.534102606623181
15,"BO 5 PB","rough","0-5cm",2,0.54498296875
15,"BO 5 PB","rough","0-5cm",3,0.456945020151133
15,"BO 5 PB","rough","6-15cm",1,0.445095353560682
15,"BO 5 PB","rough","6-15cm",2,0.383223416521088
15,"BO 5 PB","rough","6-15cm",3,0.383080622033475
16,"Ked 30+","open","0-5cm",1,0.865469703043801
16,"Ked 30+","open","0-5cm",2,0.706295066134265
16,"Ked 30+","open","0-5cm",3,0.731458563631853
16,"Ked 30+","open","6-15cm",1,0.239225253054101
16,"Ked 30+","open","6-15cm",2,0.29263191547887
16,"Ked 30+","open","6-15cm",3,0.332308934716599
16,"Ked 30+","smooth","0-5cm",1,0.384457177319075
16,"Ked 30+","smooth","0-5cm",2,0.603047612203732
16,"Ked 30+","smooth","0-5cm",3,1.22274882139279
16,"Ked 30+","smooth","6-15cm",1,0.927910667905824
16,"Ked 30+","smooth","6-15cm",2,0.244499269606615
16,"Ked 30+","smooth","6-15cm",3,0.285901668337929
16,"Ked 30+","rough","0-5cm",1,0.924808623910336
16,"Ked 30+","rough","0-5cm",2,0.987304282338309
16,"Ked 30+","rough","0-5cm",3,0.507910404329435
16,"Ked 30+","rough","6-15cm",1,0.28950581242236
16,"Ked 30+","rough","6-15cm",2,0.494175110421836
16,"Ked 30+","rough","6-15cm",3,0.333256935199193
17,"And 5pb","open","0-5cm",1,0.990487122828784
17,"And 5pb","open","0-5cm",2,0.89250499748301
17,"And 5pb","open","0-5cm",3,0.927544723050174
17,"And 5pb","open","6-15cm",1,0.585563438592112
17,"And 5pb","open","6-15cm",2,0.800940429146741
17,"And 5pb","open","6-15cm",3,0.624995447144289
17,"And 5pb","smooth","0-5cm",1,1.09981528836634
17,"And 5pb","smooth","0-5cm",2,1.12696588066766
17,"And 5pb","smooth","0-5cm",3,1.02038011754516
17,"And 5pb","smooth","6-15cm",1,0.858395026302605
17,"And 5pb","smooth","6-15cm",2,0.61229754625
17,"And 5pb","smooth","6-15cm",3,0.441537367827612
17,"And 5pb","rough","0-5cm",1,0.922584372791519
17,"And 5pb","rough","0-5cm",2,0.689342704648813
17,"And 5pb","rough","0-5cm",3,1.15039414397378
17,"And 5pb","rough","6-15cm",1,0.186771717776116
17,"And 5pb","rough","6-15cm",2,0.31461139459995
17,"And 5pb","rough","6-15cm",3,0.162958861104234
18,"Ro5P1","open","0-5cm",1,0.3742960217714
18,"Ro5P1","open","0-5cm",2,0.541123297092288
18,"Ro5P1","open","0-5cm",3,0.288623520599251
18,"Ro5P1","open","6-15cm",1,0.117834200555696
18,"Ro5P1","open","6-15cm",2,0.182853748743719
18,"Ro5P1","open","6-15cm",3,0.206119949647533
18,"Ro5P1","smooth","0-5cm",1,1.14899303997988
18,"Ro5P1","smooth","0-5cm",2,0.974328109725686
18,"Ro5P1","smooth","0-5cm",3,1.27290609943112
18,"Ro5P1","smooth","6-15cm",1,0.329520221550856
18,"Ro5P1","smooth","6-15cm",2,0.269026828182942
18,"Ro5P1","smooth","6-15cm",3,0.302663234191452
18,"Ro5P1","rough","0-5cm",1,0.487782114314618
18,"Ro5P1","rough","0-5cm",2,0.534418911290323
18,"Ro5P1","rough","0-5cm",3,0.590447145708583
18,"Ro5P1","rough","6-15cm",1,0.214739909593169
18,"Ro5P1","rough","6-15cm",2,0.160146465560583
18,"Ro5P1","rough","6-15cm",3,0.0995911167002012
19,"SHA 5pb","open","0-5cm",1,0.402800623916811
19,"SHA 5pb","open","0-5cm",2,0.415965997031173
19,"SHA 5pb","open","0-5cm",3,0.461561462559479
19,"SHA 5pb","open","6-15cm",1,0.310179426004492
19,"SHA 5pb","open","6-15cm",2,0.226776458802905
19,"SHA 5pb","open","6-15cm",3,0.275478784835551
19,"SHA 5pb","smooth","0-5cm",1,0.604521402805611
19,"SHA 5pb","smooth","0-5cm",2,0.626907142139628
19,"SHA 5pb","smooth","0-5cm",3,0.792883583583583
19,"SHA 5pb","smooth","6-15cm",1,0.603815938735178
19,"SHA 5pb","smooth","6-15cm",2,0.309206151545364
19,"SHA 5pb","smooth","6-15cm",3,0.54395278293601
19,"SHA 5pb","rough","0-5cm",1,0.954278311425682
19,"SHA 5pb","rough","0-5cm",2,1.19974479682854
19,"SHA 5pb","rough","0-5cm",3,1.06256236408978
19,"SHA 5pb","rough","6-15cm",1,0.623432316950853
19,"SHA 5pb","rough","6-15cm",2,0.66473078140455
19,"SHA 5pb","rough","6-15cm",3,0.546395318621374
20,"FAL 5PB","open","0-5cm",1,0.426088654037886
20,"FAL 5PB","open","0-5cm",2,0.543260519221168
20,"FAL 5PB","open","0-5cm",3,0.38722115942029
20,"FAL 5PB","open","6-15cm",1,0.441760978562421
20,"FAL 5PB","open","6-15cm",2,0.3095409632572
20,"FAL 5PB","open","6-15cm",3,0.419071322376738
20,"FAL 5PB","smooth","0-5cm",1,0.511471623505976
20,"FAL 5PB","smooth","0-5cm",2,0.577436042860703
20,"FAL 5PB","smooth","0-5cm",3,0.69407143933685
20,"FAL 5PB","smooth","6-15cm",1,0.408170782262083
20,"FAL 5PB","smooth","6-15cm",2,0.473227920595533
20,"FAL 5PB","smooth","6-15cm",3,0.339211963837268
20,"FAL 5PB","rough","0-5cm",1,1.20346195242815
20,"FAL 5PB","rough","0-5cm",2,1.47256215838121
20,"FAL 5PB","rough","0-5cm",3,1.55925581993569
20,"FAL 5PB","rough","6-15cm",1,0.651983355974843
20,"FAL 5PB","rough","6-15cm",2,1.01398171202375
20,"FAL 5PB","rough","6-15cm",3,0.598639920733218
21,"RO20W1","open","0-5cm",1,0.487917322092735
21,"RO20W1","open","0-5cm",2,0.473273630510154
21,"RO20W1","open","0-5cm",3,0.295120039692384
21,"RO20W1","open","6-15cm",1,0.455840821782178
21,"RO20W1","open","6-15cm",2,0.464354834864664
21,"RO20W1","open","6-15cm",3,0.53532354140761
21,"RO20W1","smooth","0-5cm",1,0.438510587651872
21,"RO20W1","smooth","0-5cm",2,0.674267801842171
21,"RO20W1","smooth","0-5cm",3,0.550171464081531
21,"RO20W1","smooth","6-15cm",1,0.754490525267613
21,"RO20W1","smooth","6-15cm",2,0.675904554947787
21,"RO20W1","smooth","6-15cm",3,0.762905391912132
21,"RO20W1","rough","0-5cm",1,0.608627844207393
21,"RO20W1","rough","0-5cm",2,0.850595797430083
21,"RO20W1","rough","0-5cm",3,0.412977505556928
21,"RO20W1","rough","6-15cm",1,0.538455795511222
21,"RO20W1","rough","6-15cm",2,0.379074548645938
21,"RO20W1","rough","6-15cm",3,0.539693472636816
22,"GreyPt2","open","0-5cm",1,0.373621910447761
22,"GreyPt2","open","0-5cm",2,0.258591034482759
22,"GreyPt2","open","0-5cm",3,0.450135560606061
22,"GreyPt2","open","6-15cm",1,0.151626313144006
22,"GreyPt2","open","6-15cm",2,0.212024086826347
22,"GreyPt2","open","6-15cm",3,0.158873566574377
22,"GreyPt2","smooth","0-5cm",1,0.615055689742294
22,"GreyPt2","smooth","0-5cm",2,0.554416
22,"GreyPt2","smooth","0-5cm",3,0.35006437642297
22,"GreyPt2","smooth","6-15cm",1,0.217826454682023
22,"GreyPt2","smooth","6-15cm",2,0.09480717935745
22,"GreyPt2","smooth","6-15cm",3,0.120153626428217
22,"GreyPt2","rough","0-5cm",1,0.66757953953954
22,"GreyPt2","rough","0-5cm",2,0.722262161626178
22,"GreyPt2","rough","0-5cm",3,0.295272648005945
22,"GreyPt2","rough","6-15cm",1,0.154765720754717
22,"GreyPt2","rough","6-15cm",2,0.0902309113733367
22,"GreyPt2","rough","6-15cm",3,0.11582333836858
23,"WOM30W","open","0-5cm",1,0.516224010920824
23,"WOM30W","open","0-5cm",2,0.783622995461422
23,"WOM30W","open","0-5cm",3,0.508628051434224
23,"WOM30W","open","6-15cm",1,0.293447558139535
23,"WOM30W","open","6-15cm",2,0.438352758279782
23,"WOM30W","open","6-15cm",3,0.434257788844622
23,"WOM30W","smooth","0-5cm",1,0.480858373300371
23,"WOM30W","smooth","0-5cm",2,0.444455418457649
23,"WOM30W","smooth","0-5cm",3,0.366773345052737
23,"WOM30W","smooth","6-15cm",1,0.278436096951524
23,"WOM30W","smooth","6-15cm",2,0.380587205845301
23,"WOM30W","smooth","6-15cm",3,0.33965570896449
23,"WOM30W","rough","0-5cm",1,0.610731094527363
23,"WOM30W","rough","0-5cm",2,0.554450377358491
23,"WOM30W","rough","0-5cm",3,0.423447909045971
23,"WOM30W","rough","6-15cm",1,0.568278321149483
23,"WOM30W","rough","6-15cm",2,0.341711176762661
23,"WOM30W","rough","6-15cm",3,0.448188290233492
24,"Ing15p","open","0-5cm",1,0.342751719020529
24,"Ing15p","open","0-5cm",2,0.67095339908953
24,"Ing15p","open","0-5cm",3,0.407720901536137
24,"Ing15p","open","6-15cm",1,0.530047295816733
24,"Ing15p","open","6-15cm",2,0.441545025025025
24,"Ing15p","open","6-15cm",3,0.39515077307981
24,"Ing15p","smooth","0-5cm",1,0.653972544055597
24,"Ing15p","smooth","0-5cm",2,0.761848248871049
24,"Ing15p","smooth","0-5cm",3,0.920457476403378
24,"Ing15p","smooth","6-15cm",1,0.302284844343204
24,"Ing15p","smooth","6-15cm",2,0.43288280350438
24,"Ing15p","smooth","6-15cm",3,0.207522441947566
24,"Ing15p","rough","0-5cm",1,1.86987945945946
24,"Ing15p","rough","0-5cm",2,1.44629264230674
24,"Ing15p","rough","0-5cm",3,0.635486544357879
24,"Ing15p","rough","6-15cm",1,0.38737157554672
24,"Ing15p","rough","6-15cm",2,0.420648593868761
24,"Ing15p","rough","6-15cm",3,0.1522503901334
25,"WOM 20P","open","0-5cm",1,0.272849605788423
25,"WOM 20P","open","0-5cm",2,0.325328192470706
25,"WOM 20P","open","0-5cm",3,0.294730599603568
25,"WOM 20P","open","6-15cm",1,0.220016948565776
25,"WOM 20P","open","6-15cm",2,0.224157710572357
25,"WOM 20P","open","6-15cm",3,0.227712935323383
25,"WOM 20P","smooth","0-5cm",1,1.16434543587174
25,"WOM 20P","smooth","0-5cm",2,1.11547192355423
25,"WOM 20P","smooth","0-5cm",3,0.995868053425674
25,"WOM 20P","smooth","6-15cm",1,0.569789329329329
25,"WOM 20P","smooth","6-15cm",2,0.638540867840317
25,"WOM 20P","smooth","6-15cm",3,0.673738077309237
25,"WOM 20P","rough","0-5cm",1,0.420608193069307
25,"WOM 20P","rough","0-5cm",2,0.510873139974779
25,"WOM 20P","rough","0-5cm",3,0.280856707839677
25,"WOM 20P","rough","6-15cm",1,0.241796563052818
25,"WOM 20P","rough","6-15cm",2,0.256011129915381
25,"WOM 20P","rough","6-15cm",3,0.324581181818182
26,"Bun<15P","open","0-5cm",1,0.443886888444222
26,"Bun<15P","open","0-5cm",2,0.295554905802562
26,"Bun<15P","open","0-5cm",3,0.406968334585525
26,"Bun<15P","open","6-15cm",1,0.256535543342493
26,"Bun<15P","open","6-15cm",2,0.160764734323848
26,"Bun<15P","open","6-15cm",3,0.175527793783169
26,"Bun<15P","smooth","0-5cm",1,0.501433363117399
26,"Bun<15P","smooth","0-5cm",2,0.483660039910202
26,"Bun<15P","smooth","0-5cm",3,0.788797951927892
26,"Bun<15P","smooth","6-15cm",1,0.453583876475019
26,"Bun<15P","smooth","6-15cm",2,0.196817842013456
26,"Bun<15P","smooth","6-15cm",3,0.490486962962963
26,"Bun<15P","rough","0-5cm",1,0.554167571464082
26,"Bun<15P","rough","0-5cm",2,1.06055021351419
26,"Bun<15P","rough","0-5cm",3,0.505303845386534
26,"Bun<15P","rough","6-15cm",1,0.557826889279438
26,"Bun<15P","rough","6-15cm",2,0.408478243890149
26,"Bun<15P","rough","6-15cm",3,0.391319402429953
27,"PUT 10W","open","0-5cm",1,0.324535569176883
27,"PUT 10W","open","0-5cm",2,0.305450350087522
27,"PUT 10W","open","0-5cm",3,0.311655962732919
27,"PUT 10W","open","6-15cm",1,0.292019997516762
27,"PUT 10W","open","6-15cm",2,0.274672077761268
27,"PUT 10W","open","6-15cm",3,0.334781935239059
27,"PUT 10W","smooth","0-5cm",1,0.694149631565845
27,"PUT 10W","smooth","0-5cm",2,0.922212586686915
27,"PUT 10W","smooth","0-5cm",3,0.913920265113974
27,"PUT 10W","smooth","6-15cm",1,0.414977448466566
27,"PUT 10W","smooth","6-15cm",2,0.339759190679028
27,"PUT 10W","smooth","6-15cm",3,0.490259876574307
27,"PUT 10W","rough","0-5cm",1,0.356331589089089
27,"PUT 10W","rough","0-5cm",2,0.487287785857573
27,"PUT 10W","rough","0-5cm",3,0.37820020509019
27,"PUT 10W","rough","6-15cm",1,0.305658497008973
27,"PUT 10W","rough","6-15cm",2,0.320067778891953
27,"PUT 10W","rough","6-15cm",3,0.319100317897372
28,"WOM30P","open","0-5cm",1,0.776843286210318
28,"WOM30P","open","0-5cm",2,0.533418821904044
28,"WOM30P","open","0-5cm",3,0.654564259811227
28,"WOM30P","open","6-15cm",1,1.1340476882662
28,"WOM30P","open","6-15cm",2,0.761707748177934
28,"WOM30P","open","6-15cm",3,1.03965942993471
28,"WOM30P","smooth","0-5cm",1,0.540340848866499
28,"WOM30P","smooth","0-5cm",2,0.638227892634207
28,"WOM30P","smooth","0-5cm",3,0.47217102933738
28,"WOM30P","smooth","6-15cm",1,0.29847807328016
28,"WOM30P","smooth","6-15cm",2,0.406460622009569
28,"WOM30P","smooth","6-15cm",3,0.34066994555803
28,"WOM30P","rough","0-5cm",1,0.696174654228856
28,"WOM30P","rough","0-5cm",2,0.590804624003984
28,"WOM30P","rough","0-5cm",3,0.633909558859975
28,"WOM30P","rough","6-15cm",1,0.303256875314228
28,"WOM30P","rough","6-15cm",2,0.240854090683845
28,"WOM30P","rough","6-15cm",3,0.252568540473225
29,"GN>30W","open","0-5cm",1,0.802929927932406
29,"GN>30W","open","0-5cm",2,0.583409848860258
29,"GN>30W","open","0-5cm",3,0.658478988625124
29,"GN>30W","open","6-15cm",1,0.359791298571071
29,"GN>30W","open","6-15cm",2,0.286999086307264
29,"GN>30W","open","6-15cm",3,0.306703009270859
29,"GN>30W","smooth","0-5cm",1,0.669543410852713
29,"GN>30W","smooth","0-5cm",2,0.674400109561753
29,"GN>30W","smooth","0-5cm",3,0.830254696477642
29,"GN>30W","smooth","6-15cm",1,0.471871930308348
29,"GN>30W","smooth","6-15cm",2,0.622988430638723
29,"GN>30W","smooth","6-15cm",3,0.437571607717042
29,"GN>30W","rough","0-5cm",1,1.97497271601882
29,"GN>30W","rough","0-5cm",2,2.05589035448686
29,"GN>30W","rough","0-5cm",3,1.60417146823412
29,"GN>30W","rough","6-15cm",1,0.542591494167287
29,"GN>30W","rough","6-15cm",2,0.809178177240685
29,"GN>30W","rough","6-15cm",3,0.756009486921529
30,"GRD<10W","open","0-5cm",1,0.912643303886926
30,"GRD<10W","open","0-5cm",2,0.725963844422211
30,"GRD<10W","open","0-5cm",3,0.8761027561037
30,"GRD<10W","open","6-15cm",1,0.5988470825
30,"GRD<10W","open","6-15cm",2,0.481646233602422
30,"GRD<10W","open","6-15cm",3,0.718768670822943
30,"GRD<10W","rough","0-5cm",1,0.551178154345654
30,"GRD<10W","rough","0-5cm",2,0.375973772829622
30,"GRD<10W","rough","0-5cm",3,0.408508486135398
30,"GRD<10W","rough","6-15cm",1,0.263262141787319
30,"GRD<10W","rough","6-15cm",2,0.217497038137692
30,"GRD<10W","rough","6-15cm",3,0.262557496292635
31,"BUN U2","open","0-5cm",1,0.270431570144783
31,"BUN U2","open","0-5cm",2,0.22322379241517
31,"BUN U2","open","0-5cm",3,0.226178849513352
31,"BUN U2","open","6-15cm",1,0.149861602002503
31,"BUN U2","open","6-15cm",2,0.103778750311798
31,"BUN U2","open","6-15cm",3,0.173682325406758
31,"BUN U2","rough","0-5cm",1,0.460455955644156
31,"BUN U2","rough","0-5cm",2,0.447477324398114
31,"BUN U2","rough","0-5cm",3,0.301348321277126
31,"BUN U2","rough","6-15cm",1,0.120568729130326
31,"BUN U2","rough","6-15cm",2,0.129662741975616
31,"BUN U2","rough","6-15cm",3,0.165053932865731
32,"WOM 10P","open","0-5cm",1,0.675900234413965
32,"WOM 10P","open","0-5cm",2,0.621555903225807
32,"WOM 10P","open","0-5cm",3,0.802717458343696
32,"WOM 10P","open","6-15cm",1,0.342760191780822
32,"WOM 10P","open","6-15cm",2,0.50276126528575
32,"WOM 10P","open","6-15cm",3,0.743134770388959
32,"WOM 10P","rough","0-5cm",1,0.415960153575025
32,"WOM 10P","rough","0-5cm",2,0.259966957725214
32,"WOM 10P","rough","0-5cm",3,0.203111972041937
32,"WOM 10P","rough","6-15cm",1,0.160262303612023
32,"WOM 10P","rough","6-15cm",2,0.240148925395257
32,"WOM 10P","rough","6-15cm",3,0.260840848589807
33,"GRD>30P","open","0-5cm",1,0.436437920277296
33,"GRD>30P","open","0-5cm",2,0.488490125565043
33,"GRD>30P","open","0-5cm",3,0.384832087087087
33,"GRD>30P","open","6-15cm",1,0.347279605824755
33,"GRD>30P","open","6-15cm",2,0.261435598301274
33,"GRD>30P","open","6-15cm",3,0.271526763819095
33,"GRD>30P","rough","0-5cm",1,0.569718210368893
33,"GRD>30P","rough","0-5cm",2,0.720559646414343
33,"GRD>30P","rough","0-5cm",3,0.570012267657993
33,"GRD>30P","rough","6-15cm",1,0.288328846058809
33,"GRD>30P","rough","6-15cm",2,0.215695051954478
33,"GRD>30P","rough","6-15cm",3,0.257342118707739
