"siteId","siteLabel","microsite","depth","rep","percentC","percentN"
1,"Ro 20W2","open","0-5cm",1,2.36431362692989,0.0558237155150595
1,"Ro 20W2","open","0-5cm",2,2.5657109980139,0.0672250744786495
1,"Ro 20W2","open","0-5cm",3,2.42265759818731,0.0627264602215509
1,"Ro 20W2","open","6-15cm",1,1.92487009471585,0.0529558823529412
1,"Ro 20W2","open","6-15cm",2,1.91219983586173,0.0521026361601592
1,"Ro 20W2","open","6-15cm",3,2.4996615700842,0.0628104507181773
1,"Ro 20W2","smooth","0-5cm",1,4.07156043928301,0.101227568795759
1,"Ro 20W2","smooth","0-5cm",2,4.81573412381428,0.119312231652521
1,"Ro 20W2","smooth","0-5cm",3,3.04781690632911,0.075356253164557
1,"Ro 20W2","smooth","6-15cm",1,2.01251136650669,0.0519557211417024
1,"Ro 20W2","smooth","6-15cm",2,2.44010715281234,0.0627910403185665
1,"Ro 20W2","smooth","6-15cm",3,2.18928864689758,0.0619193620732619
1,"Ro 20W2","rough","0-5cm",1,3.11246370837538,0.0806196266397578
1,"Ro 20W2","rough","0-5cm",2,2.58802111447302,0.0638546142208775
1,"Ro 20W2","rough","0-5cm",3,3.30794602691924,0.0882064307078764
1,"Ro 20W2","rough","6-15cm",1,1.82366302470676,0.057421886698278
1,"Ro 20W2","rough","6-15cm",2,1.91500924725823,0.06088963110668
1,"Ro 20W2","rough","6-15cm",3,2.33655873699851,0.0722507677067855
2,"Scol 5W","open","0-5cm",1,8.91306695565021,0.214535329491356
2,"Scol 5W","open","0-5cm",2,5.77969942531583,0.155080753034432
2,"Scol 5W","open","0-5cm",3,7.5423206222001,0.193644723743156
2,"Scol 5W","open","6-15cm",1,4.16277206133736,0.10680811965812
2,"Scol 5W","open","6-15cm",2,4.37912739119497,0.111036377358491
2,"Scol 5W","open","6-15cm",3,5.49629957521239,0.135243378310845
2,"Scol 5W","smooth","0-5cm",1,4.45546990807453,0.144604322981366
2,"Scol 5W","smooth","0-5cm",2,3.5911221773175,0.115023667592826
2,"Scol 5W","smooth","0-5cm",3,4.30330252662869,0.137588233837008
2,"Scol 5W","smooth","6-15cm",1,2.02816132293763,0.0600028169014084
2,"Scol 5W","smooth","6-15cm",2,1.69863425612528,0.0497651932306138
2,"Scol 5W","smooth","6-15cm",3,1.68277918531556,0.0462091274830274
2,"Scol 5W","rough","0-5cm",1,3.16674764174611,0.0887578775715002
2,"Scol 5W","rough","0-5cm",2,4.48007798433948,0.114373730740086
2,"Scol 5W","rough","0-5cm",3,3.75015417576961,0.0998750248262165
2,"Scol 5W","rough","6-15cm",1,2.74828697709163,0.0695616533864542
2,"Scol 5W","rough","6-15cm",2,2.78435351228159,0.0710314510002532
2,"Scol 5W","rough","6-15cm",3,2.78540337726934,0.0703283760258642
3,"Fal 10pb","open","0-5cm",1,2.49093392469042,0.0781611827141774
3,"Fal 10pb","open","0-5cm",2,2.59360389393939,0.0795218434343434
3,"Fal 10pb","open","0-5cm",3,2.52844898441428,0.078467269984917
3,"Fal 10pb","open","6-15cm",1,1.50420854490718,0.0503844455594581
3,"Fal 10pb","open","6-15cm",2,1.67975621474518,0.0531286986640277
3,"Fal 10pb","open","6-15cm",3,1.55063651320755,0.0517226163522013
3,"Fal 10pb","smooth","0-5cm",1,4.73463749441826,0.115948027784669
3,"Fal 10pb","smooth","0-5cm",2,4.64454761145704,0.109574122042341
3,"Fal 10pb","smooth","0-5cm",3,5.33344400991326,0.123697992565056
3,"Fal 10pb","smooth","6-15cm",1,2.66778063787042,0.0610133098945254
3,"Fal 10pb","smooth","6-15cm",2,2.94756309964947,0.0682268402603906
3,"Fal 10pb","smooth","6-15cm",3,2.99020179351922,0.0501844009042954
3,"Fal 10pb","rough","0-5cm",1,3.66691437987421,0.0725088050314465
3,"Fal 10pb","rough","0-5cm",2,3.99599613399504,0.0778095037220844
3,"Fal 10pb","rough","0-5cm",3,3.60031960381143,0.0694287362086259
3,"Fal 10pb","rough","6-15cm",1,2.27944426163522,0.0337654591194969
3,"Fal 10pb","rough","6-15cm",2,2.08046873459119,0.0471194465408805
3,"Fal 10pb","rough","6-15cm",3,2.23598501241928,0.0521089418777943
4,"Red 15W","open","0-5cm",1,2.65475774981123,0.057433551472439
4,"Red 15W","open","0-5cm",2,2.67911835181452,0.0611084929435484
4,"Red 15W","open","0-5cm",3,2.61562921052632,0.0573591112214499
4,"Red 15W","open","6-15cm",1,1.75672904821384,0.0464089432925306
4,"Red 15W","open","6-15cm",2,1.54150376876877,0.0436999249249249
4,"Red 15W","open","6-15cm",3,1.55764242682012,0.0438320490367776
4,"Red 15W","smooth","0-5cm",1,4.14675847672065,0.072135020242915
4,"Red 15W","smooth","0-5cm",2,3.91270519395466,0.0638382871536524
4,"Red 15W","smooth","0-5cm",3,4.62495808463252,0.073942291512002
4,"Red 15W","smooth","6-15cm",1,2.02820625463535,0.0122834610630408
4,"Red 15W","smooth","6-15cm",2,2.00352080813089,0.0351379276152702
4,"Red 15W","smooth","6-15cm",3,1.9651574672709,0.0346067220543807
4,"Red 15W","rough","0-5cm",1,4.39023619167085,0.0784293276467637
4,"Red 15W","rough","0-5cm",2,3.85467601396857,0.0688035669743078
4,"Red 15W","rough","0-5cm",3,4.37066907773057,0.0773492626843289
4,"Red 15W","rough","6-15cm",1,3.36284086419753,0.0568828148148148
4,"Red 15W","rough","6-15cm",2,3.81564992439516,0.0605560987903226
4,"Red 15W","rough","6-15cm",3,3.868214095,0.05864215
5,"Bw 10w2","open","0-5cm",1,3.22439868315842,0.085486031984008
5,"Bw 10w2","open","0-5cm",2,3.28923150779896,0.0866322357019064
5,"Bw 10w2","open","0-5cm",3,3.49812866784185,0.0898687736086628
5,"Bw 10w2","open","6-15cm",1,2.0939548,0.057371875
5,"Bw 10w2","open","6-15cm",2,1.94062562484534,0.0560698589458055
5,"Bw 10w2","open","6-15cm",3,2.22067043715847,0.0598401639344262
5,"Bw 10w2","smooth","0-5cm",1,6.78108870561571,0.132098589775875
5,"Bw 10w2","smooth","0-5cm",2,7.64377660643564,0.147330569306931
5,"Bw 10w2","smooth","0-5cm",3,9.17558323259846,0.176471315333168
5,"Bw 10w2","smooth","6-15cm",1,2.49819125742574,0.0589898514851485
5,"Bw 10w2","smooth","6-15cm",2,2.67058179205199,0.058188527868033
5,"Bw 10w2","smooth","6-15cm",3,2.3154983814741,0.050804780876494
5,"Bw 10w2","rough","0-5cm",1,3.92263689912827,0.0891944458281445
5,"Bw 10w2","rough","0-5cm",2,4.08488778714959,0.0964956586454974
5,"Bw 10w2","rough","0-5cm",3,4.58103119089317,0.0999159369527146
5,"Bw 10w2","rough","6-15cm",1,2.26609441344956,0.056614097135741
5,"Bw 10w2","rough","6-15cm",2,2.06316877783276,0.0512491340920337
5,"Bw 10w2","rough","6-15cm",3,2.12640453059202,0.051750136239782
6,"Scol 10pb","open","0-5cm",1,3.43162218538056,0.0878422004521477
6,"Scol 10pb","open","0-5cm",2,3.97367815815816,0.100070945945946
6,"Scol 10pb","open","0-5cm",3,3.78288778197382,0.0969349949647533
6,"Scol 10pb","open","6-15cm",1,1.98977550907258,0.0553732106854839
6,"Scol 10pb","open","6-15cm",2,2.3129444380905,0.0624829686723023
6,"Scol 10pb","open","6-15cm",3,2.15424737434359,0.0587892223055764
6,"Scol 10pb","smooth","0-5cm",1,5.32268111441307,0.137008395245171
6,"Scol 10pb","smooth","0-5cm",2,5.94239754782609,0.14762149068323
6,"Scol 10pb","smooth","0-5cm",3,5.90447129008203,0.144673179219488
6,"Scol 10pb","smooth","6-15cm",1,2.73687379613357,0.0638251820236003
6,"Scol 10pb","smooth","6-15cm",2,2.72660435755595,0.0632422177520744
6,"Scol 10pb","smooth","6-15cm",3,2.64917683391003,0.0610337864557588
6,"Scol 10pb","rough","0-5cm",1,7.80206851962245,0.17073392945852
6,"Scol 10pb","rough","0-5cm",2,9.14976762799901,0.19592035617116
6,"Scol 10pb","rough","0-5cm",3,8.9469014425,0.193273075
6,"Scol 10pb","rough","6-15cm",1,3.33562903530582,0.0787577076081551
6,"Scol 10pb","rough","6-15cm",2,3.22622650441362,0.0770074401008828
6,"Scol 10pb","rough","6-15cm",3,3.48600548578492,0.0801335970333745
7,"Kt 30+","open","0-5cm",1,10.5970862228946,0.238627710539587
7,"Kt 30+","open","0-5cm",2,9.5077531937829,0.2130024066182
7,"Kt 30+","open","0-5cm",3,11.5406113271216,0.259128179299925
7,"Kt 30+","open","6-15cm",1,3.89769497382199,0.0691561705310397
7,"Kt 30+","open","6-15cm",2,4.53470620326223,0.0825394730238394
7,"Kt 30+","open","6-15cm",3,4.239920335,0.07526865
7,"Kt 30+","smooth","0-5cm",1,22.6490729524773,0.489604701718908
7,"Kt 30+","smooth","0-5cm",2,20.1139861812779,0.453622932144626
7,"Kt 30+","smooth","0-5cm",3,23.9341581593545,0.519964599092285
7,"Kt 30+","smooth","6-15cm",1,3.98833144381047,0.0839688910940214
7,"Kt 30+","smooth","6-15cm",2,4.58853585618977,0.106742920681987
7,"Kt 30+","smooth","6-15cm",3,4.58721457406945,0.0981828878341244
7,"Kt 30+","rough","0-5cm",1,10.8507702078693,0.232373323434793
7,"Kt 30+","rough","0-5cm",2,9.99376465267366,0.217425012493753
7,"Kt 30+","rough","0-5cm",3,10.9654009118087,0.221744818136522
7,"Kt 30+","rough","6-15cm",1,5.09084607738998,0.0792450177035913
7,"Kt 30+","rough","6-15cm",2,5.40883373171336,0.0832831886932804
7,"Kt 30+","rough","6-15cm",3,5.01139699070585,0.0780550866616428
8,"ING 2WPB","open","0-5cm",1,2.70729439798489,0.0507915113350126
8,"ING 2WPB","open","0-5cm",2,2.89277640506329,0.0546786075949367
8,"ING 2WPB","open","0-5cm",3,2.59595633052527,0.0519431615460852
8,"ING 2WPB","open","6-15cm",1,2.02886060845906,0.0417279248083107
8,"ING 2WPB","open","6-15cm",2,1.79110043219076,0.0344716343765524
8,"ING 2WPB","open","6-15cm",3,1.93705954350567,0.036416998738966
8,"ING 2WPB","smooth","0-5cm",1,5.68606869071645,0.117444071644803
8,"ING 2WPB","smooth","0-5cm",2,6.51844973913043,0.137760670807453
8,"ING 2WPB","smooth","0-5cm",3,6.12156924371859,0.130912286432161
8,"ING 2WPB","smooth","6-15cm",1,2.63004088316932,0.0379035579106737
8,"ING 2WPB","smooth","6-15cm",2,3.16551094506048,0.0501886844758065
8,"ING 2WPB","smooth","6-15cm",3,2.83379005244755,0.0370743006993007
8,"ING 2WPB","rough","0-5cm",1,4.82884796758105,0.0861705236907731
8,"ING 2WPB","rough","0-5cm",2,4.48042044080605,0.0830607052896725
8,"ING 2WPB","rough","0-5cm",3,4.82967330563948,0.104304506545821
8,"ING 2WPB","rough","6-15cm",1,2.74493244944388,0.0675973205257836
8,"ING 2WPB","rough","6-15cm",2,2.2819127433408,0.0795332337565347
8,"ING 2WPB","rough","6-15cm",3,2.3137314314567,0.0552202726584196
9,"Boo 20 W","open","0-5cm",1,4.6748972052512,0.136423251704115
9,"Boo 20 W","open","0-5cm",2,5.00042011817953,0.15311667085743
9,"Boo 20 W","open","0-5cm",3,5.79667550979407,0.177506906077348
9,"Boo 20 W","open","6-15cm",1,4.53503907973922,0.125347291875627
9,"Boo 20 W","open","6-15cm",2,4.07747678917308,0.115097467097095
9,"Boo 20 W","open","6-15cm",3,4.41546905074476,0.116704746276193
9,"Boo 20 W","smooth","0-5cm",1,4.09278444248234,0.128950554994955
9,"Boo 20 W","smooth","0-5cm",2,3.75961067421384,0.11982641509434
9,"Boo 20 W","smooth","0-5cm",3,3.38871000988631,0.110782254078102
9,"Boo 20 W","smooth","6-15cm",1,4.00831856710394,0.0845787083753784
9,"Boo 20 W","smooth","6-15cm",2,4.08743832043923,0.0828013476416272
9,"Boo 20 W","smooth","6-15cm",3,3.42700018040591,0.0657203708343774
9,"Boo 20 W","rough","0-5cm",1,6.61730311239919,0.171804435483871
9,"Boo 20 W","rough","0-5cm",2,5.53565412934072,0.138556240563664
9,"Boo 20 W","rough","0-5cm",3,4.86877354846811,0.117015946760422
9,"Boo 20 W","rough","6-15cm",1,3.70297637104743,0.077050395256917
9,"Boo 20 W","rough","6-15cm",2,3.90559153923541,0.0798635563380282
9,"Boo 20 W","rough","6-15cm",3,3.85260506354348,0.0814515325193122
10,"Red 5W","open","0-5cm",1,2.53938924880262,0.0671773380388203
10,"Red 5W","open","0-5cm",2,3.12099021238938,0.0853931731984829
10,"Red 5W","open","0-5cm",3,2.60611606818182,0.0617310606060606
10,"Red 5W","open","6-15cm",1,1.90475652491193,0.0539305485656769
10,"Red 5W","open","6-15cm",2,2.10237306940616,0.0570395890754197
10,"Red 5W","open","6-15cm",3,1.69694052950076,0.0420215582450832
10,"Red 5W","smooth","0-5cm",1,4.24968742907356,0.0793886517700226
10,"Red 5W","smooth","0-5cm",2,5.28278868565717,0.0968634432783608
10,"Red 5W","smooth","0-5cm",3,4.38975420451725,0.0735213452469596
10,"Red 5W","smooth","6-15cm",1,2.64239074604743,0.0298770998023715
10,"Red 5W","smooth","6-15cm",2,2.77769760609086,0.029166874687968
10,"Red 5W","smooth","6-15cm",3,2.65816439554881,0.0342943854324734
10,"Red 5W","rough","0-5cm",1,4.53812769540086,0.0619514953505906
10,"Red 5W","rough","0-5cm",2,4.44800964068826,0.0628156629554656
10,"Red 5W","rough","0-5cm",3,4.22868237373737,0.0547683080808081
10,"Red 5W","rough","6-15cm",1,4.1739541754386,0.0491672932330827
10,"Red 5W","rough","6-15cm",2,4.15670756134581,0.048408803440425
10,"Red 5W","rough","6-15cm",3,3.91674290753338,0.0460185185185185
11,"Vic 5WHS","open","0-5cm",1,3.20379004982561,0.0573000747384155
11,"Vic 5WHS","open","0-5cm",2,2.85682007033409,0.0533465209746295
11,"Vic 5WHS","open","0-5cm",3,2.83247532853955,0.0546665013637491
11,"Vic 5WHS","open","6-15cm",1,1.68605742154155,0.0378791112226965
11,"Vic 5WHS","open","6-15cm",2,1.7884024025974,0.0413411588411588
11,"Vic 5WHS","open","6-15cm",3,1.74874840920587,0.0397123166413758
11,"Vic 5WHS","smooth","0-5cm",1,4.78982119521912,0.0918295567729084
11,"Vic 5WHS","smooth","0-5cm",2,4.30853687296417,0.0862922826359308
11,"Vic 5WHS","smooth","0-5cm",3,4.49567884382872,0.0880138539042821
11,"Vic 5WHS","smooth","6-15cm",1,2.14281786963037,0.0376036463536464
11,"Vic 5WHS","smooth","6-15cm",2,1.9954037027833,0.0346657554671968
11,"Vic 5WHS","smooth","6-15cm",3,2.25443830397584,0.0633964519375943
11,"Vic 5WHS","rough","0-5cm",1,8.24507599152965,0.112227204783259
11,"Vic 5WHS","rough","0-5cm",2,9.82673408759124,0.135159828844702
11,"Vic 5WHS","rough","0-5cm",3,10.5472143704812,0.148215532286213
11,"Vic 5WHS","rough","6-15cm",1,6.01792928678679,0.0794381881881882
11,"Vic 5WHS","rough","6-15cm",2,6.17967875534322,0.0811579079708323
11,"Vic 5WHS","rough","6-15cm",3,6.19967230044621,0.0836192364898364
12,"Vic 5 WLS","open","0-5cm",1,3.11425485190763,0.0543611947791165
12,"Vic 5 WLS","open","0-5cm",2,3.47386458230351,0.0587215768660405
12,"Vic 5 WLS","open","0-5cm",3,2.88574985622211,0.0500539167079822
12,"Vic 5 WLS","open","6-15cm",1,1.83498250815968,0.036412252071303
12,"Vic 5 WLS","open","6-15cm",2,2.27359401060071,0.0454271832407875
12,"Vic 5 WLS","open","6-15cm",3,1.85679677565392,0.037455985915493
12,"Vic 5 WLS","smooth","0-5cm",1,3.43149170431727,0.0622853915662651
12,"Vic 5 WLS","smooth","0-5cm",2,3.05189099019854,0.0503593867805981
12,"Vic 5 WLS","smooth","0-5cm",3,3.12348968507873,0.0522088227943014
12,"Vic 5 WLS","smooth","6-15cm",1,1.74595274144869,0.0309852867203219
12,"Vic 5 WLS","smooth","6-15cm",2,1.76833072301172,0.031251558214909
12,"Vic 5 WLS","smooth","6-15cm",3,1.91587401002506,0.0334968671679198
12,"Vic 5 WLS","rough","0-5cm",1,6.08385137406484,0.0890018703241895
12,"Vic 5 WLS","rough","0-5cm",2,6.72146451798202,0.103752497502498
12,"Vic 5 WLS","rough","0-5cm",3,6.46186249937139,0.100333165702791
12,"Vic 5 WLS","rough","6-15cm",1,4.221717918858,0.0639162283996995
12,"Vic 5 WLS","rough","6-15cm",2,4.02874674061003,0.0611312074615578
12,"Vic 5 WLS","rough","6-15cm",3,3.62692852554375,0.058636191198786
13,"AND 5W","open","0-5cm",1,2.68452619753086,0.0658241728395062
13,"AND 5W","open","0-5cm",2,2.83136304347826,0.0695156814851001
13,"AND 5W","open","0-5cm",3,2.89993756006407,0.0719163374265884
13,"AND 5W","open","6-15cm",1,1.89020487490328,0.0454818674232654
13,"AND 5W","open","6-15cm",2,1.94781297409806,0.045354347826087
13,"AND 5W","open","6-15cm",3,2.00703464513194,0.0454166515013649
13,"AND 5W","smooth","0-5cm",1,6.31038583711488,0.132440530212563
13,"AND 5W","smooth","0-5cm",2,5.30850960863021,0.11527476166583
13,"AND 5W","smooth","0-5cm",3,5.63917966908432,0.121274206708976
13,"AND 5W","smooth","6-15cm",1,2.62637165441995,0.0509230683589401
13,"AND 5W","smooth","6-15cm",2,2.0179877477042,0.0456319961333978
13,"AND 5W","smooth","6-15cm",3,2.08673283444624,0.0435739350679254
13,"AND 5W","rough","0-5cm",1,6.70137108297536,0.111299276509157
13,"AND 5W","rough","0-5cm",2,6.76485298093169,0.105051870625151
13,"AND 5W","rough","0-5cm",3,5.67747082145634,0.0882619849701995
13,"AND 5W","rough","6-15cm",1,3.91035402325581,0.0595278372093023
13,"AND 5W","rough","6-15cm",2,4.28882726786192,0.0669917848541611
13,"AND 5W","rough","6-15cm",3,3.58693466145833,0.0568451822916667
14,"Permo 5W","open","0-5cm",1,2.55372428338383,0.0555284782102074
14,"Permo 5W","open","0-5cm",2,2.45991661007357,0.0577022354272779
14,"Permo 5W","open","0-5cm",3,2.16724688057041,0.0514504456327986
14,"Permo 5W","open","6-15cm",1,1.55672209707696,0.0381583534459641
14,"Permo 5W","open","6-15cm",2,1.53567137265865,0.0370441990494828
14,"Permo 5W","open","6-15cm",3,1.54484692698706,0.036340780961183
14,"Permo 5W","smooth","0-5cm",1,3.63158582543156,0.0590705567712132
14,"Permo 5W","smooth","0-5cm",2,4.44508262964663,0.0703686094538779
14,"Permo 5W","smooth","0-5cm",3,4.4129999711233,0.0723825007219174
14,"Permo 5W","smooth","6-15cm",1,1.38428466958212,0.031586175898931
14,"Permo 5W","smooth","6-15cm",2,1.66818106412639,0.0338586895910781
14,"Permo 5W","smooth","6-15cm",3,1.50825103715523,0.0311536585365854
14,"Permo 5W","rough","0-5cm",1,4.99349690416572,0.0923436148417938
14,"Permo 5W","rough","0-5cm",2,4.95239080182355,0.0895244033252883
14,"Permo 5W","rough","0-5cm",3,4.70795011510129,0.0848300644567219
14,"Permo 5W","rough","6-15cm",1,2.43430593955322,0.0440443626806833
14,"Permo 5W","rough","6-15cm",2,2.59205960350155,0.0468740216271885
14,"Permo 5W","rough","6-15cm",3,2.42446653187441,0.0457327545195052
15,"BO 5 PB","open","0-5cm",1,2.64320931554238,0.0799947615517667
15,"BO 5 PB","open","0-5cm",2,2.76374404055391,0.0830144164193867
15,"BO 5 PB","open","0-5cm",3,2.86726494510978,0.0857859530938124
15,"BO 5 PB","open","6-15cm",1,2.02357198079838,0.059306038403234
15,"BO 5 PB","open","6-15cm",2,2.06166955321285,0.0565150853413655
15,"BO 5 PB","open","6-15cm",3,2.05792432230788,0.0568493906988312
15,"BO 5 PB","smooth","0-5cm",1,4.36447694631652,0.123644643272136
15,"BO 5 PB","smooth","0-5cm",2,3.96821943194601,0.112205596175478
15,"BO 5 PB","smooth","0-5cm",3,4.70775252795333,0.133550704910063
15,"BO 5 PB","smooth","6-15cm",1,2.62099907495256,0.0676769212523719
15,"BO 5 PB","smooth","6-15cm",2,2.54258695543315,0.0639321732598898
15,"BO 5 PB","smooth","6-15cm",3,2.96161337851406,0.0741002510040161
15,"BO 5 PB","rough","0-5cm",1,5.59130384327427,0.151041976541053
15,"BO 5 PB","rough","0-5cm",2,4.87354511826875,0.13031839456467
15,"BO 5 PB","rough","0-5cm",3,4.564035638833,0.122293485915493
15,"BO 5 PB","rough","6-15cm",1,2.93165747441977,0.0791306214125281
15,"BO 5 PB","rough","6-15cm",2,3.261574325,0.086217775
15,"BO 5 PB","rough","6-15cm",3,3.00992040560841,0.0811344767150726
16,"Ked 30+","open","0-5cm",1,7.4818706776283,0.147718335824614
16,"Ked 30+","open","0-5cm",2,7.09187394597324,0.13978684675587
16,"Ked 30+","open","0-5cm",3,7.22198553965863,0.16251749497992
16,"Ked 30+","open","6-15cm",1,4.13529858263731,0.118261225006327
16,"Ked 30+","open","6-15cm",2,4.09137771342231,0.114445454545455
16,"Ked 30+","open","6-15cm",3,4.39694100829771,0.121582549660548
16,"Ked 30+","smooth","0-5cm",1,6.58243761581067,0.182676611278953
16,"Ked 30+","smooth","0-5cm",2,6.44783362996481,0.174791804927099
16,"Ked 30+","smooth","0-5cm",3,6.67533104203373,0.186000025169897
16,"Ked 30+","smooth","6-15cm",1,4.98380922437673,0.13728836565097
16,"Ked 30+","smooth","6-15cm",2,5.25817579207921,0.147678366336634
16,"Ked 30+","smooth","6-15cm",3,4.95925143916914,0.137255736894164
16,"Ked 30+","rough","0-5cm",1,9.36120002008032,0.241705296184739
16,"Ked 30+","rough","0-5cm",2,9.05588163803834,0.230915932287777
16,"Ked 30+","rough","0-5cm",3,9.0397494469697,0.232473813131313
16,"Ked 30+","rough","6-15cm",1,4.13141525618595,0.113187828042989
16,"Ked 30+","rough","6-15cm",2,4.18840684860459,0.110464336873302
16,"Ked 30+","rough","6-15cm",3,4.07834974274905,0.108395359394704
17,"And 5pb","open","0-5cm",1,4.25015086224233,0.0737366013071895
17,"And 5pb","open","0-5cm",2,4.62510795353435,0.0800034107760751
17,"And 5pb","open","0-5cm",3,3.98600602318548,0.0719586693548387
17,"And 5pb","open","6-15cm",1,2.75613851705388,0.0472136925358379
17,"And 5pb","open","6-15cm",2,2.67494517602996,0.0466992759051186
17,"And 5pb","open","6-15cm",3,2.53378007054674,0.0434983623078861
17,"And 5pb","smooth","0-5cm",1,8.7661560045489,0.18046575688653
17,"And 5pb","smooth","0-5cm",2,9.13120904384444,0.196884369581372
17,"And 5pb","smooth","0-5cm",3,8.07800645322661,0.16362256128064
17,"And 5pb","smooth","6-15cm",1,4.95901607025524,0.0726888804649987
17,"And 5pb","smooth","6-15cm",2,4.62476701134931,0.070576973518285
17,"And 5pb","smooth","6-15cm",3,4.19157501235788,0.0604974789915966
17,"And 5pb","rough","0-5cm",1,4.11312295951722,0.0684047020367111
17,"And 5pb","rough","0-5cm",2,4.09173703804348,0.0703638092885376
17,"And 5pb","rough","0-5cm",3,4.08333640483384,0.0680129405840886
17,"And 5pb","rough","6-15cm",1,2.49478237271131,0.0436778279408076
17,"And 5pb","rough","6-15cm",2,2.77977928660514,0.0491196557745074
17,"And 5pb","rough","6-15cm",3,2.62692954488308,0.0458725672617551
18,"Ro5P1","open","0-5cm",1,2.58840736973948,0.0582627755511022
18,"Ro5P1","open","0-5cm",2,2.2454040519802,0.0499049504950495
18,"Ro5P1","open","0-5cm",3,2.5098499851742,0.056730417593279
18,"Ro5P1","open","6-15cm",1,1.1331563365336,0.0247901970692269
18,"Ro5P1","open","6-15cm",2,1.11711474716981,0.0257145911949685
18,"Ro5P1","open","6-15cm",3,1.20858751427862,0.02746637695555
18,"Ro5P1","smooth","0-5cm",1,5.44528036724566,0.101342183622829
18,"Ro5P1","smooth","0-5cm",2,5.59194462471569,0.107023982815264
18,"Ro5P1","smooth","0-5cm",3,5.68272862691055,0.105911976948133
18,"Ro5P1","smooth","6-15cm",1,1.69253156843157,0.0392259240759241
18,"Ro5P1","smooth","6-15cm",2,1.64671230632911,0.0301515443037975
18,"Ro5P1","smooth","6-15cm",3,1.92677441825476,0.0345486208625878
18,"Ro5P1","rough","0-5cm",1,2.87016654056745,0.0605461174713788
18,"Ro5P1","rough","0-5cm",2,2.83443579905261,0.0580864123659935
18,"Ro5P1","rough","0-5cm",3,2.76828122924411,0.056626790582404
18,"Ro5P1","rough","6-15cm",1,1.11309211877202,0.0221765475591344
18,"Ro5P1","rough","6-15cm",2,1.3453441809909,0.0269744691607685
18,"Ro5P1","rough","6-15cm",3,1.2232584142965,0.0239674049836396
19,"SHA 5pb","open","0-5cm",1,3.64850311249675,0.0918869836321123
19,"SHA 5pb","open","0-5cm",2,3.4176127144593,0.0870314945321993
19,"SHA 5pb","open","0-5cm",3,3.76037110993096,0.0949352628783856
19,"SHA 5pb","open","6-15cm",1,2.48394285714286,0.0596276497695853
19,"SHA 5pb","open","6-15cm",2,2.25132035986159,0.0556916262975779
19,"SHA 5pb","open","6-15cm",3,2.23798480036714,0.0553977053694355
19,"SHA 5pb","smooth","0-5cm",1,4.43989928180737,0.106606230677765
19,"SHA 5pb","smooth","0-5cm",2,4.44776599136837,0.105258796648896
19,"SHA 5pb","smooth","0-5cm",3,4.78961257111894,0.116149823895963
19,"SHA 5pb","smooth","6-15cm",1,4.04990754225547,0.0909453034081463
19,"SHA 5pb","smooth","6-15cm",2,3.02680415322581,0.0700421370967742
19,"SHA 5pb","smooth","6-15cm",3,2.88686017474186,0.069557108816521
19,"SHA 5pb","rough","0-5cm",1,6.01801560869565,0.13132125
19,"SHA 5pb","rough","0-5cm",2,5.94442994332351,0.131236091589209
19,"SHA 5pb","rough","0-5cm",3,5.92626126842968,0.131226725953663
19,"SHA 5pb","rough","6-15cm",1,4.25909680851064,0.0844613297872341
19,"SHA 5pb","rough","6-15cm",2,4.48622297621966,0.0884210835989213
19,"SHA 5pb","rough","6-15cm",3,4.91950154443905,0.0946999028654687
20,"FAL 5PB","open","0-5cm",1,4.29529327885598,0.125763432073544
20,"FAL 5PB","open","0-5cm",2,4.97247864369702,0.14434733388023
20,"FAL 5PB","open","0-5cm",3,4.79214563330825,0.135528066215199
20,"FAL 5PB","open","6-15cm",1,2.64747042887274,0.08212519334427
20,"FAL 5PB","open","6-15cm",2,2.50335810340479,0.0787134930643127
20,"FAL 5PB","open","6-15cm",3,2.67805913788487,0.0853253012048193
20,"FAL 5PB","smooth","0-5cm",1,4.29700553278689,0.0974234631147541
20,"FAL 5PB","smooth","0-5cm",2,5.39522749126109,0.11549346598548
20,"FAL 5PB","smooth","0-5cm",3,4.53608336170213,0.102476010638298
20,"FAL 5PB","smooth","6-15cm",1,4.21681283702213,0.0880848591549296
20,"FAL 5PB","smooth","6-15cm",2,3.92156432042338,0.0825664662015877
20,"FAL 5PB","smooth","6-15cm",3,4.2873616032888,0.0904549331963001
20,"FAL 5PB","rough","0-5cm",1,6.18892709798658,0.13120477852349
20,"FAL 5PB","rough","0-5cm",2,6.68382090461263,0.142380026869682
20,"FAL 5PB","rough","0-5cm",3,6.71476086597938,0.144884381443299
20,"FAL 5PB","rough","6-15cm",1,4.25794507526882,0.0858874193548387
20,"FAL 5PB","rough","6-15cm",2,4.2483415953132,0.0878944569625958
20,"FAL 5PB","rough","6-15cm",3,4.23324455241616,0.0842875627145498
21,"RO20W1","open","0-5cm",1,4.83766684503902,0.155064548494983
21,"RO20W1","open","0-5cm",2,4.07540590735695,0.13118174386921
21,"RO20W1","open","0-5cm",3,4.95410153499888,0.162904118838623
21,"RO20W1","open","6-15cm",1,3.90920460096276,0.113035165948822
21,"RO20W1","open","6-15cm",2,3.6853855666004,0.106109642147117
21,"RO20W1","open","6-15cm",3,3.88745178669599,0.113800439802089
21,"RO20W1","smooth","0-5cm",1,6.78065775406775,0.190653080821552
21,"RO20W1","smooth","0-5cm",2,7.42455978858351,0.213167758985201
21,"RO20W1","smooth","0-5cm",3,6.43970525523406,0.180948059280169
21,"RO20W1","smooth","6-15cm",1,6.33440189740761,0.144239106453392
21,"RO20W1","smooth","6-15cm",2,6.38540020522844,0.142200293183484
21,"RO20W1","smooth","6-15cm",3,6.11401493857494,0.135803734643735
21,"RO20W1","rough","0-5cm",1,8.14005564543473,0.250096246064422
21,"RO20W1","rough","0-5cm",2,9.06127573691791,0.27243398943831
21,"RO20W1","rough","0-5cm",3,8.08197892443839,0.24384547311096
21,"RO20W1","rough","6-15cm",1,4.6014627909426,0.152711374407583
21,"RO20W1","rough","6-15cm",2,4.93723693744164,0.162228151260504
21,"RO20W1","rough","6-15cm",3,5.37684365524403,0.177289408099688
22,"GreyPt2","open","0-5cm",1,2.45530055969191,0.0693242618741977
22,"GreyPt2","open","0-5cm",2,2.57426769556025,0.0718937632135307
22,"GreyPt2","open","0-5cm",3,2.21547837187789,0.0644396392229417
22,"GreyPt2","open","6-15cm",1,0.965151448275862,0.0347067586206897
22,"GreyPt2","open","6-15cm",2,1.04492857538036,0.036938755186722
22,"GreyPt2","open","6-15cm",3,0.994421520724678,0.0363765028822399
22,"GreyPt2","smooth","0-5cm",1,3.8415505516872,0.0889210498125335
22,"GreyPt2","smooth","0-5cm",2,3.90695601108033,0.0941154570637119
22,"GreyPt2","smooth","0-5cm",3,3.88981068669528,0.0972414163090129
22,"GreyPt2","smooth","6-15cm",1,1.34807116730639,0.0359795890720253
22,"GreyPt2","smooth","6-15cm",2,1.81718770695583,0.0358780216873843
22,"GreyPt2","smooth","6-15cm",3,1.02877473684211,0.028644230294045
22,"GreyPt2","rough","0-5cm",1,4.33880634107286,0.11388364024553
22,"GreyPt2","rough","0-5cm",2,4.35893281402142,0.115693281402142
22,"GreyPt2","rough","0-5cm",3,5.29893782068966,0.137358013793103
22,"GreyPt2","rough","6-15cm",1,1.23461141945774,0.0412764486975013
22,"GreyPt2","rough","6-15cm",2,1.23830879464286,0.0403261160714286
22,"GreyPt2","rough","6-15cm",3,1.189312,0.0414843347050755
23,"WOM30W","open","0-5cm",1,7.99755510603589,0.102537248504622
23,"WOM30W","open","0-5cm",2,6.29517449738089,0.0856860064854078
23,"WOM30W","open","0-5cm",3,6.93248229517241,0.0922572137931035
23,"WOM30W","open","6-15cm",1,2.53965593861893,0.0416899232736573
23,"WOM30W","open","6-15cm",2,2.88901394285714,0.0482761360544218
23,"WOM30W","open","6-15cm",3,2.38943214234875,0.0400354922894425
23,"WOM30W","smooth","0-5cm",1,4.25871199170125,0.0975602697095436
23,"WOM30W","smooth","0-5cm",2,5.08544796019901,0.120800884466556
23,"WOM30W","smooth","0-5cm",3,4.42033288833124,0.100139523212045
23,"WOM30W","smooth","6-15cm",1,2.00171875749319,0.0493944414168937
23,"WOM30W","smooth","6-15cm",2,2.02059536643026,0.0509076963488311
23,"WOM30W","smooth","6-15cm",3,2.16557032258065,0.0540298647242456
23,"WOM30W","rough","0-5cm",1,4.54064147625509,0.11302328358209
23,"WOM30W","rough","0-5cm",2,5.24696339985912,0.107963559521014
23,"WOM30W","rough","0-5cm",3,4.70936501398993,0.100701175153889
23,"WOM30W","rough","6-15cm",1,2.02241083503055,0.0463893075356416
23,"WOM30W","rough","6-15cm",2,2.16367665893271,0.0481864398040732
23,"WOM30W","rough","6-15cm",3,1.91501035598705,0.0451435814455232
24,"Ing15p","open","0-5cm",1,2.87886964059197,0.0656742071881607
24,"Ing15p","open","0-5cm",2,2.77558071693449,0.0636046477132262
24,"Ing15p","open","0-5cm",3,3.06962936555891,0.0647736153071501
24,"Ing15p","open","6-15cm",1,2.10859213296399,0.0522493074792244
24,"Ing15p","open","6-15cm",2,2.13157298984394,0.0512140698538519
24,"Ing15p","open","6-15cm",3,1.95217585086551,0.0470251930758988
24,"Ing15p","smooth","0-5cm",1,3.64572589951378,0.0824702323068612
24,"Ing15p","smooth","0-5cm",2,3.18821832943013,0.0696645329169919
24,"Ing15p","smooth","0-5cm",3,3.66494779048126,0.0825644243552247
24,"Ing15p","smooth","6-15cm",1,3.43324276930767,0.0819433141714571
24,"Ing15p","smooth","6-15cm",2,2.74717123948402,0.0724703309029725
24,"Ing15p","smooth","6-15cm",3,2.81435641121495,0.0708694392523364
24,"Ing15p","rough","0-5cm",1,4.11031811741392,0.07756621253406
24,"Ing15p","rough","0-5cm",2,4.44567846645367,0.0772820021299255
24,"Ing15p","rough","0-5cm",3,4.11573632927776,0.0723577530416775
24,"Ing15p","rough","6-15cm",1,2.65046043447793,0.0505142723662696
24,"Ing15p","rough","6-15cm",2,2.8153799188092,0.052648552097429
24,"Ing15p","rough","6-15cm",3,2.84862246575342,0.055786301369863
25,"WOM 20P","open","0-5cm",1,2.21238554669169,0.0528460816518067
25,"WOM 20P","open","0-5cm",2,1.96894054054054,0.0476395675675676
25,"WOM 20P","open","0-5cm",3,2.23460325074331,0.0548999008919723
25,"WOM 20P","open","6-15cm",1,2.23827000791348,0.0531604326035347
25,"WOM 20P","open","6-15cm",2,1.00848332502078,0.0274053754502632
25,"WOM 20P","open","6-15cm",3,1.27799713103448,0.0351450114942529
25,"WOM 20P","smooth","0-5cm",1,6.06640380862597,0.111741597925996
25,"WOM 20P","smooth","0-5cm",2,4.91449183702645,0.0913251370026209
25,"WOM 20P","smooth","0-5cm",3,6.62495638418079,0.124633306429917
25,"WOM 20P","smooth","6-15cm",1,3.36814997321907,0.0492747723620782
25,"WOM 20P","smooth","6-15cm",2,3.66019559772296,0.0544874762808349
25,"WOM 20P","smooth","6-15cm",3,3.38235673582296,0.0514148455509451
25,"WOM 20P","rough","0-5cm",1,3.12664242539986,0.0687453807591311
25,"WOM 20P","rough","0-5cm",2,2.9006601183432,0.0604206114398422
25,"WOM 20P","rough","0-5cm",3,3.03685291248207,0.0685359158297465
25,"WOM 20P","rough","6-15cm",1,1.69619177366703,0.0347727965179543
25,"WOM 20P","rough","6-15cm",2,1.6455813592233,0.0358950531668978
25,"WOM 20P","rough","6-15cm",3,1.52071567419576,0.033046315309149
26,"Bun<15P","open","0-5cm",1,3.54715341871921,0.094432512315271
26,"Bun<15P","open","0-5cm",2,3.5638476446281,0.094083367768595
26,"Bun<15P","open","0-5cm",3,3.3972965727342,0.0906277735465855
26,"Bun<15P","open","6-15cm",1,2.21176139005114,0.0813144583914458
26,"Bun<15P","open","6-15cm",2,2.06953074455058,0.0747334802841048
26,"Bun<15P","open","6-15cm",3,1.96641792896175,0.0740439344262295
26,"Bun<15P","smooth","0-5cm",1,5.20150249638902,0.12339027443428
26,"Bun<15P","smooth","0-5cm",2,4.57716747834017,0.106310715914273
26,"Bun<15P","smooth","0-5cm",3,5.80710642602495,0.142506506238859
26,"Bun<15P","smooth","6-15cm",1,1.64733474816502,0.044170184763351
26,"Bun<15P","smooth","6-15cm",2,1.89333434931507,0.0514486828240253
26,"Bun<15P","smooth","6-15cm",3,1.73961946534121,0.0484793121977431
26,"Bun<15P","rough","0-5cm",1,6.97555184800897,0.161558160403814
26,"Bun<15P","rough","0-5cm",2,5.3316725706534,0.122287135428442
26,"Bun<15P","rough","0-5cm",3,5.83569063063063,0.13352644409115
26,"Bun<15P","rough","6-15cm",1,1.89448151341495,0.0565475384214639
26,"Bun<15P","rough","6-15cm",2,1.91735050277979,0.064123277737491
26,"Bun<15P","rough","6-15cm",3,2.23475912796443,0.0620855731225296
27,"PUT 10W","open","0-5cm",1,1.36108938083538,0.0470723341523341
27,"PUT 10W","open","0-5cm",2,1.37387269905533,0.0449079622132254
27,"PUT 10W","open","0-5cm",3,1.61240083531652,0.0529288910042837
27,"PUT 10W","open","6-15cm",1,1.31184628014616,0.0439806090133983
27,"PUT 10W","open","6-15cm",2,1.22426924669494,0.041853230231978
27,"PUT 10W","open","6-15cm",3,1.29437704322904,0.0424718414139002
27,"PUT 10W","smooth","0-5cm",1,4.22743138745905,0.0838673841834347
27,"PUT 10W","smooth","0-5cm",2,3.13364364199123,0.0632960536497292
27,"PUT 10W","smooth","0-5cm",3,3.65336201880387,0.0713527291721076
27,"PUT 10W","smooth","6-15cm",1,1.57597543234488,0.0390094193869923
27,"PUT 10W","smooth","6-15cm",2,1.78890020050761,0.0424587817258883
27,"PUT 10W","smooth","6-15cm",3,1.70906093600226,0.042577614885819
27,"PUT 10W","rough","0-5cm",1,3.18101111111111,0.0742438438438438
27,"PUT 10W","rough","0-5cm",2,2.70417831124968,0.0634956612107041
27,"PUT 10W","rough","0-5cm",3,2.85756995291656,0.0663961286947424
27,"PUT 10W","rough","6-15cm",1,1.65950863742964,0.0374430581613509
27,"PUT 10W","rough","6-15cm",2,1.73772201043794,0.0391897435897436
27,"PUT 10W","rough","6-15cm",3,1.67167854690807,0.0382953209499177
28,"WOM30P","open","0-5cm",1,3.09824437068508,0.0833968135953266
28,"WOM30P","open","0-5cm",2,3.28414919425511,0.0873541382667965
28,"WOM30P","open","0-5cm",3,3.30019763845938,0.0864058476244026
28,"WOM30P","open","6-15cm",1,2.38416007072136,0.0476924469589816
28,"WOM30P","open","6-15cm",2,2.30510681807806,0.0486350148367953
28,"WOM30P","open","6-15cm",3,2.33684367790093,0.0467869712734675
28,"WOM30P","smooth","0-5cm",1,2.863800832,0.0622184228571429
28,"WOM30P","smooth","0-5cm",2,3.51478416905818,0.0803936342290634
28,"WOM30P","smooth","0-5cm",3,2.6572734235589,0.0618809022556391
28,"WOM30P","smooth","6-15cm",1,2.1208569226638,0.046296455424275
28,"WOM30P","smooth","6-15cm",2,1.92269701206005,0.0405309377307408
28,"WOM30P","smooth","6-15cm",3,1.92856502935863,0.0417474254742547
28,"WOM30P","rough","0-5cm",1,3.57767470779221,0.0807300556586271
28,"WOM30P","rough","0-5cm",2,4.16738735143557,0.0885837525038949
28,"WOM30P","rough","0-5cm",3,3.59297128952123,0.0785471544715447
28,"WOM30P","rough","6-15cm",1,1.91887603011292,0.0564913425345044
28,"WOM30P","rough","6-15cm",2,2.15716925508454,0.064781769174222
28,"WOM30P","rough","6-15cm",3,2.00007394143063,0.0604957273163706
29,"GN>30W","open","0-5cm",1,2.78907779707495,0.07427239488117
29,"GN>30W","open","0-5cm",2,2.35544399667142,0.0591565382786495
29,"GN>30W","open","0-5cm",3,2.81045345372461,0.0730044243792325
29,"GN>30W","open","6-15cm",1,1.46798350663966,0.0415386900742741
29,"GN>30W","open","6-15cm",2,1.40647528416601,0.0361793285752049
29,"GN>30W","open","6-15cm",3,1.5386951751269,0.0396047715736041
29,"GN>30W","smooth","0-5cm",1,4.88599190585534,0.124842066590126
29,"GN>30W","smooth","0-5cm",2,5.85837313396057,0.147815860215054
29,"GN>30W","smooth","0-5cm",3,5.19202175862879,0.135435360413243
29,"GN>30W","smooth","6-15cm",1,3.14570262732032,0.0808602570204665
29,"GN>30W","smooth","6-15cm",2,3.4622681938911,0.090325630810093
29,"GN>30W","smooth","6-15cm",3,3.2173112530579,0.0778369122044034
29,"GN>30W","rough","0-5cm",1,5.58184772602054,0.121299974956173
29,"GN>30W","rough","0-5cm",2,6.45106278217822,0.133209207920792
29,"GN>30W","rough","0-5cm",3,5.8479349088729,0.126985803357314
29,"GN>30W","rough","6-15cm",1,3.44142090377588,0.0856445797807552
29,"GN>30W","rough","6-15cm",2,2.93981068006544,0.0698330684739425
29,"GN>30W","rough","6-15cm",3,3.07020558248825,0.0762534504081128
30,"GRD<10W","open","0-5cm",1,4.14015114727421,0.0729347708163819
30,"GRD<10W","open","0-5cm",2,4.48956508605189,0.0785694323144105
30,"GRD<10W","open","0-5cm",3,4.54783289345314,0.0784209499358151
30,"GRD<10W","open","6-15cm",1,3.8651226530062,0.0670511997843084
30,"GRD<10W","open","6-15cm",2,4.26708841409692,0.0739407359419539
30,"GRD<10W","open","6-15cm",3,4.3522592434131,0.0784151800821852
30,"GRD<10W","rough","0-5cm",1,3.55479040335254,0.0675915662650602
30,"GRD<10W","rough","0-5cm",2,3.84849782774714,0.0753396690708528
30,"GRD<10W","rough","0-5cm",3,2.82341372013652,0.0556030944254835
30,"GRD<10W","rough","6-15cm",1,2.09526850877193,0.0611150626566416
30,"GRD<10W","rough","6-15cm",2,2.31242576912141,0.0595439294853568
30,"GRD<10W","rough","6-15cm",3,1.91880542832909,0.0503354820469324
31,"BUN U2","open","0-5cm",1,2.18278265251397,0.0632448491620112
31,"BUN U2","open","0-5cm",2,2.56757081313947,0.0747861335487345
31,"BUN U2","open","0-5cm",3,1.8624616508344,0.0543060333761232
31,"BUN U2","open","6-15cm",1,1.12299591636197,0.0415269881170018
31,"BUN U2","open","6-15cm",2,1.11212925656792,0.0406060089435439
31,"BUN U2","open","6-15cm",3,1.15931493653032,0.0430632722143865
31,"BUN U2","rough","0-5cm",1,4.48664440824637,0.118533010944261
31,"BUN U2","rough","0-5cm",2,4.46486128091643,0.116039885446498
31,"BUN U2","rough","0-5cm",3,4.03957648769575,0.108041933880189
31,"BUN U2","rough","6-15cm",1,1.13585507254164,0.0382994357872112
31,"BUN U2","rough","6-15cm",2,1.18296524488209,0.0384678154962425
31,"BUN U2","rough","6-15cm",3,1.18946992232004,0.038437933713102
32,"WOM 10P","open","0-5cm",1,3.12992459112413,0.0684783509799504
32,"WOM 10P","open","0-5cm",2,2.48205339019767,0.0571624153804495
32,"WOM 10P","open","0-5cm",3,2.95352225376884,0.0683327135678392
32,"WOM 10P","open","6-15cm",1,1.71023829997645,0.0425404049917589
32,"WOM 10P","open","6-15cm",2,1.86100183933934,0.0456077577577578
32,"WOM 10P","open","6-15cm",3,1.39426122530633,0.0363574893723431
32,"WOM 10P","rough","0-5cm",1,1.51091694860567,0.0432643927172159
32,"WOM 10P","rough","0-5cm",2,1.95273652563743,0.0525395348837209
32,"WOM 10P","rough","0-5cm",3,2.07615041551247,0.0553615462100227
32,"WOM 10P","rough","6-15cm",1,1.41286896036916,0.0332922909880565
32,"WOM 10P","rough","6-15cm",2,1.73168325517585,0.0392873783986031
32,"WOM 10P","rough","6-15cm",3,1.34433299639918,0.0311933899176955
33,"GRD>30P","open","0-5cm",1,3.21380935190005,0.0741034617386778
33,"GRD>30P","open","0-5cm",2,3.24627165276725,0.076180995703816
33,"GRD>30P","open","0-5cm",3,3.20683600377003,0.0735600377002828
33,"GRD>30P","open","6-15cm",1,1.51364562362637,0.0353147252747253
33,"GRD>30P","open","6-15cm",2,2.20062204422489,0.0501792754645966
33,"GRD>30P","open","6-15cm",3,1.92167578261899,0.0449515036703765
33,"GRD>30P","rough","0-5cm",1,4.73720615125615,0.104066070966071
33,"GRD>30P","rough","0-5cm",2,4.92135979851538,0.106493584305408
33,"GRD>30P","rough","0-5cm",3,4.07290916492207,0.088687043498488
33,"GRD>30P","rough","6-15cm",1,1.70587640419308,0.0377805704534373
33,"GRD>30P","rough","6-15cm",2,1.757608775369,0.0377087638376384
33,"GRD>30P","rough","6-15cm",3,2.15703792462706,0.0475312221931432
